ID_título|Categoría|Forma|Tipo|Frecuencia
OB001|enviar|Enviando|LEMMA|1
OB001|obra|obras|LEMMA|1
OB001|Sr. D. R. P.|Sr. D. R. P.|NER|1
OB002|mujer|mujer|LEMMA|1
OB002|piadoso|piadosa|LEMMA|1
OB002|Fragmentos|Fragmentos|NER|1
OB003|Desvarío|Desvarío|NER|1
OB004|gloria|Gloria|LEMMA|1
OB004|pobreza|pobreza|LEMMA|1
OB004|Soneto|Soneto|NER|1
OB004|inmortal Quintana...|inmortal Quintana...|NER|1
OB005|despedida|despedida|LEMMA|1
OB005|hija|hija|LEMMA|1
OB005|Balada|Balada|NER|1
OB006|viaje|viaje|LEMMA|1
OB006|prólogo|Prólogo|LEMMA|1
OB006|pesadilla|pesadilla|LEMMA|1
OB006|Luna|Luna|NER|1
OB006|Mocquet|Mocquet|NER|1
OB007|álbum|álbum|LEMMA|1
OB007|señora M…|señora M…|NER|1
OB008|primavera|primavera|LEMMA|1
OB009|perejilera|perejilera|LEMMA|1
OB010|viaje|viaje|LEMMA|1
OB010|continuación|Continuación|LEMMA|1
OB010|Luna|Luna|NER|1
OB011|señor|señor|LEMMA|1
OB011|Don B. M.|Don B. M.|NER|1
OB012|orilla|orillas|LEMMA|1
OB012|súplica|súplica|LEMMA|1
OB012|Manzanares|Manzanares|NER|1
OB013|viaje|viaje|LEMMA|1
OB013|continuación|Continuación|LEMMA|1
OB013|Luna|Luna|NER|1
OB014|fragmentos|Fragmentos|LEMMA|1
OB014|de la Rosa de Alejandra|de la Rosa de Alejandra|NER|1
OB015|gente|Gente|LEMMA|1
OB015|moreno|morena|LEMMA|1
OB016|viaje|viaje|LEMMA|1
OB016|continuación|Continuación|LEMMA|1
OB016|Luna|Luna|NER|1
OB017|excmo|excmo|LEMMA|1
OB017|día|día|LEMMA|1
OB017|santo|santo|LEMMA|1
OB017|Sr. D. Agustín Esteban Collantes|Sr. D. Agustín Esteban Collantes|NER|1
OB017bis|niña|niña|LEMMA|1
OB017bis|día|día|LEMMA|1
OB017bis|cumpleaños|cumpleaños|LEMMA|1
OB017bis|Margarita Aurora de Wilson|Margarita Aurora de Wilson|NER|1
OB017bis|Serrano|Serrano|NER|1
OB018|costumbres|Costumbres|LEMMA|1
OB019|novela|Novela|LEMMA|1
OB019|bretono|bretona|LEMMA|1
OB019|Margarita|Margarita|NER|1
OB020|esconder|escondidos|LEMMA|1
OB020|tapada|tapada|LEMMA|1
OB020|fragmentos|Fragmentos|LEMMA|1
OB021|apreciable|apreciable|LEMMA|1
OB021|amiga|amiga|LEMMA|1
OB021|álbum|álbum|LEMMA|1
OB021|Señora doña M. Del Pilar Sinués de Marco|Señora doña M. Del Pilar Sinués de Marco|NER|1
OB022|costumbres|Costumbres|LEMMA|1
OB023|novela|Novela|LEMMA|1
OB023|bretono|bretona|LEMMA|1
OB023|continuación|Continuación|LEMMA|1
OB023|Margarita|Margarita|NER|1
OB024|niña|niña|LEMMA|1
OB024|Margarita Aurora de Wilson|Margarita Aurora de Wilson|NER|1
OB024|Serrano|Serrano|NER|1
OB025|María|María|NER|1
OB026|Alteza Real|Alteza Real|NER|1
OB026|Príncipe de Asturias|Príncipe de Asturias|NER|1
OB027|novela|Novela|LEMMA|1
OB027|bretono|bretona|LEMMA|1
OB027|Conclusión|Conclusión|LEMMA|1
OB027|Margarita|Margarita|NER|1
OB028|otoño|otoño|LEMMA|1
OB029|aún|Aún|LEMMA|1
OB029|eco|eco|LEMMA|1
OB029|tener|tienen|LEMMA|1
OB029|alma|alma|LEMMA|1
OB029|Soneto|Soneto|NER|1
OB030|atentado|Atentado|LEMMA|1
OB030|SS. MM. II|SS. MM. II|NER|1
OB031|hacer|Hace|LEMMA|1
OB031|año|años|LEMMA|1
OB031|banquero|banquero|LEMMA|1
OB031|mucho|muy|LEMMA|1
OB031|rico|rico|LEMMA|1
OB031|periódico|periódicos|LEMMA|1
OB031|francés|franceses|LEMMA|1
OB031|extranjero|extranjero|LEMMA|1
OB031|El matrimonio de la Princesa real de Inglaterra [...]|El matrimonio de la Princesa real de Inglaterra [...]|NER|1
OB032|Poesía|Poesía|NER|1
OB032|Oda|Oda|NER|1
OB033|buen|buen|LEMMA|1
OB033|amigo|amigo|LEMMA|1
OB033|distinguir|distinguido|LEMMA|1
OB033|escritor|escritor|LEMMA|1
OB033|don|don|LEMMA|1
OB033|prueba|prueba|LEMMA|1
OB033|sincero|sincera|LEMMA|1
OB033|amistad|amistad|LEMMA|1
OB033|Alejandro Dumas|Alejandro Dumas|NER|1
OB034|luna|luna|LEMMA|1
OB034|Soneto|Soneto|NER|1
OB035|apariencia|apariencias|LEMMA|1
OB035|engañar|engañan|LEMMA|1
OB035|historia-cuento|Historia-cuento|LEMMA|1
OB036|viaje|viaje|LEMMA|1
OB036|sábado|sábado|LEMMA|1
OB036|hablar|Habláse|LEMMA|1
OB036|círculo|círculos|LEMMA|1
OB036|aristocrático|aristocrático|LEMMA|1
OB036|matrimonio|matrimonio|LEMMA|1
OB036|SS.|SS.|NER|1
OB036|AA. [...|AA. [...|NER|1
OB036|El príncipe Mirza-Ally-Kan-Bahadoor [...]|El príncipe Mirza-Ally-Kan-Bahadoor [...]|NER|1
OB037|invierno|invierno|LEMMA|1
OB038|hada|hada|LEMMA|1
OB038|azul|azul|LEMMA|1
OB039|lunes|lunes|LEMMA|1
OB039|corriente|corriente|LEMMA|1
OB039|inaugurar|inaugurado|LEMMA|1
OB039|ir|Vamos|LEMMA|1
OB039|contar|contar|LEMMA|1
OB039|historia|historia|LEMMA|1
OB039|ocurrir|ocurrida|LEMMA|1
OB039|día|días|LEMMA|1
OB039|Pascua|Pascua|LEMMA|1
OB039|generalísimo|generalísimo|LEMMA|1
OB039|ejército|ejército|LEMMA|1
OB039|otomano|otomano|LEMMA|1
OB039|Ismail|Ismail|NER|1
OB040|navío|navío|LEMMA|1
OB040|Leviatán|Leviatán|NER|1
OB041|ayes|Ayes|LEMMA|1
OB041|corazón|corazón|LEMMA|1
OB042|carta|Carta|LEMMA|1
OB042|M. de Lamartine|M. de Lamartine|NER|1
OB043|introducción|Introducción|LEMMA|1
OB045|Isabel II|Isabel II|NER|1
OB046|Hamlet|Hamlet|NER|1
OB048|lector|lector|LEMMA|1
OB048|pedir|pide|LEMMA|1
OB048|trata|trata|LEMMA|1
OB048|decadencia|decadencia|LEMMA|1
OB048|costumbre|costumbres|LEMMA|1
OB048|recibir|recibía|LEMMA|1
OB048|gobierno|gobierno|LEMMA|1
OB048|Malibran|Malibran|NER|1
OB048|Londres|Londres|NER|1
OB048|Brasil|Brasil|NER|1
OB049|consignar|Consignamos|LEMMA|1
OB049|acarta|acarta|LEMMA|1
OB049|original|original|LEMMA|1
OB049|enos|enos|LEMMA|1
OB049|dirigir|dirigido|LEMMA|1
OB049|M. de Lamartine|M. de Lamartine|NER|1
OB050|raza|raza|LEMMA|1
OB050|latino|latina|LEMMA|1
OB050|introducción|Introducción|LEMMA|1
OB050|Porvenir|Porvenir|NER|1
OB050|Francia|Francia|NER|1
OB050|Nuevo-Mundo|Nuevo-Mundo|NER|1
OB052|república|república|LEMMA|1
OB052|Confederación Argentina|Confederación Argentina|NER|1
OB052|Uruguay-Le Paraguay|Uruguay-Le Paraguay|NER|1
OB053|S. M. La emperatriz de los franceses|S. M. La emperatriz de los franceses|NER|1
OB054|curso|Cursos|LEMMA|1
OB054|familiar|familiares|LEMMA|1
OB054|literatura|literatura|LEMMA|1
OB054|pintura|pintura|LEMMA|1
OB055|perro|perro|LEMMA|1
OB055|Zurbarán|Zurbarán|NER|1
OB057|serenatas|Serenatas|LEMMA|1
OB057|introducción|Introducción|LEMMA|1
OB057|Fragmentos|Fragmentos|LEMMA|1
OB058|venir|viene|LEMMA|1
OB058|periodista|periodista|LEMMA|1
OB058|inglés|inglés|LEMMA|1
OB058|suceder|sucedido|LEMMA|1
OB058|alrededor|alrededores|LEMMA|1
OB058|máxima|Máximas|LEMMA|1
OB058|Filadelfia|Filadelfia|NER|1
OB059|recordar|Recuerdo|LEMMA|1
OB059|baile|baile|LEMMA|1
OB059|hotel|hotel|LEMMA|1
OB059|Ville|Ville|NER|1
OB060|abertura|Abertura|LEMMA|1
OB060|río|ríos|LEMMA|1
OB060|Paraguay|Paraguay|NER|1
OB061|sra|Sra|LEMMA|1
OB061|Escma|Escma|NER|1
OB061|Dª Gertrudis Gómez de Avellaneda|Dª Gertrudis Gómez de Avellaneda|NER|1
OB063|marzo|marzo|LEMMA|1
OB064|curso|Cursos|LEMMA|1
OB064|familiar|familiares|LEMMA|1
OB064|literatura|literatura|LEMMA|1
OB064|Leopoldo Robert|Leopoldo Robert|NER|1
OB065|leyenda|Leyenda|LEMMA|1
OB065|pastoral|pastoral|LEMMA|1
OB066|dalia|dalia|LEMMA|1
OB067|hacer|Hace|LEMMA|1
OB067|semana|semanas|LEMMA|1
OB067|diario|diarios|LEMMA|1
OB067|aquí|aquí|LEMMA|1
OB067|siguiente|siguiente|LEMMA|1
OB067|anécdota|anécdota|LEMMA|1
OB067|curioso|curioso|LEMMA|1
OB067|decir|dicho|LEMMA|1
OB067|vilain|vilain|LEMMA|1
OB067|Leemos en el Monitor  [...]|Leemos en el Monitor  [...]|NER|1
OB067|Alto|Alto|NER|1
OB067|Bajo Rin|Bajo Rin|NER|1
OB067|El matrimonio del hijo mayor [...]|El matrimonio del hijo mayor [...]|NER|1
OB067|Savonnette|Savonnette|NER|1
OB068|carta|Carta|LEMMA|1
OB068|Ramón de la Sagra|Ramón de la Sagra|NER|1
OB069|artículo|Artículo|LEMMA|1
OB069|Estados-Unidos|Estados-Unidos|NER|1
OB069|Paraguay|Paraguay|NER|1
OB070|costumbres|Costumbres|LEMMA|1
OB070|andaluza|andaluzas|LEMMA|1
OB070|marinero|marineros|LEMMA|1
OB071|viaje|Viaje|LEMMA|1
OB071|vestido|vestido|LEMMA|1
OB071|boda|boda|LEMMA|1
OB072|príncipe|príncipe|LEMMA|1
OB072|SS. AA. II|SS. AA. II|NER|1
OB072|princesa Napoleón|princesa Napoleón|NER|1
OB073|miércoles|miércoles|LEMMA|1
OB073|ceniza|ceniza|LEMMA|1
OB074|curso|Cursos|LEMMA|1
OB074|familiar|familiares|LEMMA|1
OB074|literatura|literatura|LEMMA|1
OB074|Leopoldo Robert|Leopoldo Robert|NER|1
OB074|Conclusión|Conclusión|NER|1
OB075|día|días|LEMMA|1
OB075|hacer|hacen|LEMMA|1
OB075|adelanto|adelantos|LEMMA|1
OB075|fotografía|fotografía|LEMMA|1
OB075|acabar|Acaba|LEMMA|1
OB075|llegar|llegar|LEMMA|1
OB075|San Petesburgo|San Petesburgo|NER|1
OB075|El Entreacto publica un acarta fechada en Génova|El Entreacto publica un acarta fechada en Génova|NER|1
OB076|Memorándum especial por la guerra de Italia|Memorándum especial por la guerra de Italia|NER|1
OB077|introducción|Introducción|LEMMA|1
OB078|Pbro|Pbro|NER|1
OB078|D. Félix Varela|D. Félix Varela|NER|1
OB079|flor|flores|LEMMA|1
OB079|mayo|mayo|LEMMA|1
OB081|catedral de Bron|catedral de Bron|NER|1
OB083|viaje|Viaje|LEMMA|1
OB083|rededpr|rededpr|LEMMA|1
OB083|vestido|vestido|LEMMA|1
OB083|boda|boda|LEMMA|1
OB083|conclusiones|Conclusiones|LEMMA|1
OB084|Artículo II|Artículo II|NER|1
OB084|Estados-Unidos|Estados-Unidos|NER|1
OB084|Paraguay|Paraguay|NER|1
OB086|ver|vea|LEMMA|1
OB086|principal|principales|LEMMA|1
OB086|interés|intereses|LEMMA|1
OB086|amortización|amortización|LEMMA|1
OB086|público|pública|LEMMA|1
OB086|Deuda|Deuda|NER|1
OB088|carta|Carta|LEMMA|1
OB088|M. Alejandro Dumas|M. Alejandro Dumas|NER|1
OB089|Carta del Sr.|Carta del Sr.|NER|1
OB089|Guillemot|Guillemot|NER|1
OB090|Napoleón III|Napoleón III|NER|1
OB091|Víctor Manuel II|Víctor Manuel II|NER|1
OB092|oso|oso|LEMMA|1
OB093|amigo|amigo|LEMMA|1
OB093|Poesía|Poesía|NER|1
OB093|Mariano G. Manrique|Mariano G. Manrique|NER|1
OB097|perfil|Perfil|LEMMA|1
OB097|inglés|inglés|LEMMA|1
OB101|ostra|ostra|LEMMA|1
OB102|Poesía|Poesía|NER|1
OB102|Napoleón III|Napoleón III|NER|1
OB103|tumba|tumba|LEMMA|1
OB103|cementerio|cementerio|LEMMA|1
OB103|Montmartre|Montmartre|NER|1
OB103|Fragmento|Fragmento|NER|1
OB104|consideraciones|Consideraciones|LEMMA|1
OB104|vestido|vestidos|LEMMA|1
OB106|Gran|Gran|LEMMA|1
OB106|batalla|batalla|LEMMA|1
OB106|Solferino|Solferino|NER|1
OB107|Memorándum especial por la guerra de Italia|Memorándum especial por la guerra de Italia|NER|1
OB108|emperador|emperador|LEMMA|1
OB108|emperatriz|emperatriz|LEMMA|1
OB108|Batalla de Solferino|Batalla de Solferino|NER|1
OB109|proclamar|Proclama|LEMMA|1
OB109|Ejército de Italia|Ejército de Italia|NER|1
OB111|entrevista|entrevista|LEMMA|1
OB111|nuevo|Nuevos|LEMMA|1
OB111|detalle|detalles|LEMMA|1
OB111|Villafranca|Villafranca|NER|1
OB112|mayor|mayor|LEMMA|1
OB112|general|general|LEMMA|1
OB112|ejército|ejército|LEMMA|1
OB112|mariscal Vaillant|mariscal Vaillant|NER|1
OB112|Italia|Italia|NER|1
OB113|costumbres|Costumbres|LEMMA|1
OB113|andaluza|andaluzas|LEMMA|1
OB113|baile|baile|LEMMA|1
OB113|candil|candil|LEMMA|1
OB113|Poesía|Poesía|NER|1
OB114|emperador|emperador|LEMMA|1
OB114|S. M.|S. M.|NER|1
OB114|Napoleón III|Napoleón III|NER|1
OB114|Fragmentos|Fragmentos|NER|1
OB115|fotografía|fotografía|LEMMA|1
OB116|festín|festín|LEMMA|1
OB116|estudio|Estudio|LEMMA|1
OB116|bíblico|bíblico|LEMMA|1
OB116|Baltasar|Baltasar|NER|1
OB119|primero|primera|LEMMA|1
OB119|quincena|quincena|LEMMA|1
OB119|mes|mes|LEMMA|1
OB119|agosto|agosto|LEMMA|1
OB120|general|general|LEMMA|1
OB120|Garibaldi|Garibaldi|NER|1
OB121|día|días|LEMMA|1
OB122|débil|débil|LEMMA|1
OB122|muestra|muestra|LEMMA|1
OB122|aprecio|aprecio|LEMMA|1
OB122|Señora Doña Emilia Serrano de Wilson|Señora Doña Emilia Serrano de Wilson|NER|1
OB124|Offland|Offland|NER|1
OB127|señorita|señorita|LEMMA|1
OB127|doña María Verdejo|doña María Verdejo|NER|1
OB127|Durán|Durán|NER|1
OB128|cifra|cifra|LEMMA|1
OB128|ciprés|ciprés|LEMMA|1
OB130|María Leczinska|María Leczinska|NER|1
OB131|composición|Composición|LEMMA|1
OB131|ópera|ópera|LEMMA|1
OB131|Otello|Otello|NER|1
OB131|Rossini|Rossini|NER|1
OB132|robo|robo|LEMMA|1
OB132|niño|niño|LEMMA|1
OB132|señora Hua|señora Hua|NER|1
OB133|señora|señora|LEMMA|1
OB133|doña Carolina Coronado|doña Carolina Coronado|NER|1
OB134|granadino|granadina|LEMMA|1
OB134|Marcha|Marcha|LEMMA|1
OB134|guerrera|guerrera|LEMMA|1
OB135|genio|genio|LEMMA|1
OB136|María Leczinska|María Leczinska|NER|1
OB137|coro|coro|LEMMA|1
OB137|ángel|ángeles|LEMMA|1
OB138|kaleidescopio|kaleidescopio|LEMMA|1
OB139|duelo|duelo|LEMMA|1
OB139|mujer|mujeres|LEMMA|1
OB140|secreto|secretos|LEMMA|1
OB140|hermosura|hermosura|LEMMA|1
OB141|día|día|LEMMA|1
OB141|niña Adelaida|niña Adelaida|NER|1
OB142|Esther|Esther|NER|1
OB143|origen|Origen|LEMMA|1
OB143|instrumento|instrumentos|LEMMA|1
OB143|guitarra|guitarra|LEMMA|1
OB144|Tetuán|Tetuán|NER|1
OB145|duelo|duelo|LEMMA|1
OB145|mujer|mujeres|LEMMA|1
OB145|continuación|Continuación|LEMMA|1
OB146|secreto|Secretos|LEMMA|1
OB146|hermosura|hermosura|LEMMA|1
OB146|continuación|Continuación|LEMMA|1
OB148|l|L|LEMMA|1
OB148|vuelta|vuelta|LEMMA|1
OB148|golondrina|golondrina|LEMMA|1
OB148|Fragmentos|Fragmentos|LEMMA|1
OB149|duelo|duelo|LEMMA|1
OB149|mujer|mujeres|LEMMA|1
OB149|continuación|Continuación|LEMMA|1
OB150|secreto|Secretos|LEMMA|1
OB150|hermosura|hermosura|LEMMA|1
OB150|continuación|Continuación|LEMMA|1
OB152|sauce|sauce|LEMMA|1
OB153|Balada|Balada|NER|1
OB154|duelo|duelo|LEMMA|1
OB154|mujer|mujeres|LEMMA|1
OB154|continuación|Continuación|LEMMA|1
OB155|hermana|hermana|LEMMA|1
OB155|Velázquez|Velázquez|NER|1
OB156|cuaresma|cuaresma|LEMMA|1
OB156|amor|amor|LEMMA|1
OB158|mejor|mejor|LEMMA|1
OB158|niña|niña|LEMMA|1
OB160|duelo|duelo|LEMMA|1
OB160|mujer|mujeres|LEMMA|1
OB160|continuación|Continuación|LEMMA|1
OB161|museo|museo|LEMMA|1
OB161|viviente|viviente|LEMMA|1
OB161|colección|colección|LEMMA|1
OB161|cuadro|cuadros|LEMMA|1
OB161|social|sociales|LEMMA|1
OB161|cuadro|Cuadro|LEMMA|1
OB161|primero|primero|LEMMA|1
OB161|doña Eulogia|doña Eulogia|NER|1
OB162|hermana|hermana|LEMMA|1
OB162|Velázquez|Velázquez|NER|1
OB163|oliva|oliva|LEMMA|1
OB163|paz|paz|LEMMA|1
OB163|España|España|NER|1
OB163|Marruecos|Marruecos|NER|1
OB164|descripción|Descripción|LEMMA|1
OB164|teatro|teatro|LEMMA|1
OB164|D. José Piquer|D. José Piquer|NER|1
OB165|duelo|duelo|LEMMA|1
OB165|mujer|mujeres|LEMMA|1
OB165|continuación|Continuación|LEMMA|1
OB166|hermana|hermana|LEMMA|1
OB166|Velázquez|Velázquez|NER|1
OB167|ángel|ángel|LEMMA|1
OB167|inclusa|inclusa|LEMMA|1
OB168|espejo|espejos|LEMMA|1
OB168|mágico|mágicos|LEMMA|1
OB168|cuento|Cuento|LEMMA|1
OB168|fantástico|fantástico|LEMMA|1
OB169|cartas|Cartas|LEMMA|1
OB169|Cuba|Cuba|NER|1
OB169|Cojimar|Cojimar|NER|1
OB170|día|Días|LEMMA|1
OB170|pasado|pasados|LEMMA|1
OB170|hallar|hallaba|LEMMA|1
OB170|bosque|bosque|LEMMA|1
OB170|no|No|LEMMA|1
OB170|resistir|resistir|LEMMA|1
OB170|deseo|deseo|LEMMA|1
OB170|copiar|copiar|LEMMA|1
OB170|La ópera de Verdi [...]|La ópera de Verdi [...]|NER|1
OB170|El marqués de Casa-Riera [...]|El marqués de Casa-Riera [...]|NER|1
OB171|cama|cama|LEMMA|1
OB171|matrimonio|matrimonio|LEMMA|1
OB171|Balada|Balada|NER|1
OB172|tumba|tumbas|LEMMA|1
OB172|Dolora|Dolora|NER|1
OB173|Colón|Colón|NER|1
OB174|madre|madre|LEMMA|1
OB175|baile|baile|LEMMA|1
OB175|manga|manga|LEMMA|1
OB175|largo|larga|LEMMA|1
OB176|heredad|heredad|LEMMA|1
OB176|bendecido|bendecida|LEMMA|1
OB178|Macahé|Macahé|NER|1
OB180|álbum|álbum|LEMMA|1
OB180|Emilia|Emilia|NER|1
OB181|ascensión|ascensión|LEMMA|1
OB181|Señor|Señor|NER|1
OB182|madre|madre|LEMMA|1
OB183|cartas|Cartas|LEMMA|1
OB183|conuco|conuco|LEMMA|1
OB183|indio|indio|LEMMA|1
OB183|Cuba|Cuba|NER|1
OB184|amor|Amor|LEMMA|1
OB184|fe|fe|LEMMA|1
OB185|rosa|rosas|LEMMA|1
OB187|Griseldina|Griseldina|NER|1
OB188|sobrina|sobrina|LEMMA|1
OB188|Araceli Abril de Armendi|Araceli Abril de Armendi|NER|1
OB189|mensage|mensage|LEMMA|1
OB190|Griseldina|Griseldina|NER|1
OB191|cartas|Cartas|LEMMA|1
OB191|conuco|conuco|LEMMA|1
OB191|indio|indio|LEMMA|1
OB191|Cuba|Cuba|NER|1
OB192|caricia|caricia|LEMMA|1
OB192|curar|curar|LEMMA|1
OB192|defecto|defecto|LEMMA|1
OB193|princpio|princpio|LEMMA|1
OB193|fin|fin|LEMMA|1
OB194|felicidad|felicidad|LEMMA|1
OB195|álbum|álbum|LEMMA|1
OB195|niña|niña|LEMMA|1
OB196|arte|arte|LEMMA|1
OB196|Oda|Oda|NER|1
OB197|dama|dama|LEMMA|1
OB197|mucho|muy|LEMMA|1
OB197|galanteado|galanteada|LEMMA|1
OB197|álbum|álbum|LEMMA|1
OB198|princpio|princpio|LEMMA|1
OB198|fin|fin|LEMMA|1
OB198|novela|Novela|LEMMA|1
OB198|costumbre|costumbres|LEMMA|1
OB198|contemporáneo|contemporáneas|LEMMA|1
OB199|felicidad|felicidad|LEMMA|1
OB201|Periquito el Veleidoso|Periquito el Veleidoso|NER|1
OB202|cartas|Cartas|LEMMA|1
OB202|conuco|conuco|LEMMA|1
OB202|indio|indio|LEMMA|1
OB202|Cuba|Cuba|NER|1
OB203|Santo Domingo|Santo Domingo|NER|1
OB204|toque|toque|LEMMA|1
OB204|oración|oración|LEMMA|1
OB205|Soledad|Soledad|NER|1
OB206|princpio|princpio|LEMMA|1
OB206|fin|fin|LEMMA|1
OB206|novela|Novela|LEMMA|1
OB206|costumbre|costumbres|LEMMA|1
OB206|contemporáneo|contemporáneas|LEMMA|1
OB207|bail|bailes|LEMMA|1
OB207|campestre|campestres|LEMMA|1
OB207|Santander|Santander|NER|1
OB208|Periquito el Veleidoso|Periquito el Veleidoso|NER|1
OB208|Conclusion|Conclusion|NER|1
OB209|duelos|Duelos|LEMMA|1
OB209|amor|amor|LEMMA|1
OB210|Allende los mares mora [...]|Allende los mares mora [...]|NER|1
OB211|señora|señora|LEMMA|1
OB211|álbum|álbum|LEMMA|1
OB211|doña Emila Serrano de Wilson|doña Emila Serrano de Wilson|NER|1
OB212|álbum|álbum|LEMMA|1
OB212|señorita|señorita|LEMMA|1
OB212|J. R.|J. R.|NER|1
OB213|carta|Carta|LEMMA|1
OB214|lugar|lugar|LEMMA|1
OB215|duelos|Duelos|LEMMA|1
OB215|amor|amor|LEMMA|1
OB215|Conclusión|Conclusión|LEMMA|1
OB216|tradición|Tradición|LEMMA|1
OB216|Rolandseck|Rolandseck|NER|1
OB217|secreto|Secretos|LEMMA|1
OB217|tocador|tocador|LEMMA|1
OB218|madre|madre|LEMMA|1
OB218|marquesa|marquesa|NER|1
OB219|Poesía|Poesía|NER|1
OB220|ilusión|Ilusión|LEMMA|1
OB221|violeta|violeta|LEMMA|1
OB221|Soneto|Soneto|NER|1
OB222|verdad|verdad|LEMMA|1
OB222|sentimiento|sentimiento|LEMMA|1
OB223|poesía|poesía|LEMMA|1
OB223|oportunidad|oportunidad|LEMMA|1
OB223|objeto|objeto|LEMMA|1
OB224|lugar|lugar|LEMMA|1
OB224|Conclusión|Conclusión|LEMMA|1
OB225|viaje|Viaje|LEMMA|1
OB225|SS. MM|SS. MM|NER|1
OB226|Mariquita|Mariquita|NER|1
OB227|aventura|aventuras|LEMMA|1
OB227|numeroso|numerosas|LEMMA|1
OB227|general|general|LEMMA|1
OB227|notable|notable|LEMMA|1
OB227|siguiente|siguiente|LEMMA|1
OB227|Bonaparte|Bonaparte|NER|1
OB228|madre|madre|LEMMA|1
OB228|marquesa|marquesa|LEMMA|1
OB228|Continuación|Continuación|LEMMA|1
OB229|episodio|Episodio|LEMMA|1
OB229|dominación|dominación|LEMMA|1
OB229|francés|francesa|LEMMA|1
OB229|sargento Pérez|sargento Pérez|NER|1
OB229|Santo Domingo|Santo Domingo|NER|1
OB230|princpio|princpio|LEMMA|1
OB230|fin|fin|LEMMA|1
OB230|novela|Novela|LEMMA|1
OB230|costumbre|costumbres|LEMMA|1
OB230|contemporáneo|contemporáneas|LEMMA|1
OB231|pájaro|pájaros|LEMMA|1
OB232|flor|flor|LEMMA|1
OB233|moneda|moneda|LEMMA|1
OB233|oro|oro|LEMMA|1
OB234|matrimonios|Matrimonios|LEMMA|1
OB234|anuncio|anuncios|LEMMA|1
OB234|baño|baños|LEMMA|1
OB234|hacer|Hace|LEMMA|1
OB234|día|días|LEMMA|1
OB234|Biarritz|Biarritz|NER|1
OB235|madre|madre|LEMMA|1
OB235|marquesa|marquesa|LEMMA|1
OB235|Continuación|Continuación|LEMMA|1
OB236|Sevilla|Sevilla|NER|1
OB237|año|año|LEMMA|1
OB237|más|más|LEMMA|1
OB237|Soneto|Soneto|NER|1
OB238|Carta I. Monserrat|Carta I. Monserrat|NER|1
OB239|moneda|moneda|LEMMA|1
OB239|oro|oro|LEMMA|1
OB240|paseo|paseo|LEMMA|1
OB240|lago|lago|LEMMA|1
OB240|negro|negro|LEMMA|1
OB241|feria|feria|LEMMA|1
OB241|Ucles|Ucles|NER|1
OB242|madre|madre|LEMMA|1
OB242|marquesa|marquesa|LEMMA|1
OB242|Continuación|Continuación|LEMMA|1
OB243|cabello|cabello|LEMMA|1
OB243|suelto|suelto|LEMMA|1
OB243|Fábula|Fábula|NER|1
OB244|Carta II|Carta II|NER|1
OB244|Valencia|Valencia|NER|1
OB245|feria|feria|LEMMA|1
OB245|Ucles|Ucles|NER|1
OB246|poesía|poesía|LEMMA|1
OB246|oportunidad|oportunidad|LEMMA|1
OB246|objeto|objeto|LEMMA|1
OB247|moneda|moneda|LEMMA|1
OB247|oro|oro|LEMMA|1
OB248|duquesa|duquesa|LEMMA|1
OB248|octogenario|octogenaria|LEMMA|1
OB248|aldeana|aldeana|LEMMA|1
OB248|enriquecer|enriquecida|LEMMA|1
OB248|La señora de J [...]|La señora de J [...]|NER|1
OB248|El señor X [...]|El señor X [...]|NER|1
OB250|escalera|escalera|LEMMA|1
OB251|Carta III|Carta III|NER|1
OB251|Barcelona|Barcelona|NER|1
OB252|moneda|moneda|LEMMA|1
OB252|oro|oro|LEMMA|1
OB252|Conclusión|Conclusión|NER|1
OB044|Brasil|Brasil|NER|1
OB047|alma|alma|LEMMA|1
OB047|duda|dudas|LEMMA|1
OB051|istmo|istmo|LEMMA|1
OB051|Panamá|Panamá|NER|1
OB056|peregrinación|peregrinación|LEMMA|1
OB056|Saint-Point|Saint-Point|NER|1
OB062|destino|destinos|LEMMA|1
OB062|no|no|LEMMA|1
OB062|haber|hay|LEMMA|1
OB062|amigo|amigos|LEMMA|1
OB062|proverbio|Proverbio|LEMMA|1
OB062|cuadro|cuadros|LEMMA|1
OB105|sombrero|sombrero|LEMMA|1
OB105|emperador|emperador|LEMMA|1
OB105|Austria|Austria|NER|1
OB147|amor|amor|LEMMA|1
OB200|Feria|Feria|NER|1
OB200|Sevilla|Sevilla|NER|1
OB087|lentigo|lentigo|LEMMA|1
OB087|tratamiento|tratamiento|LEMMA|1
OB094|primero|primera|LEMMA|1
OB094|página|página|LEMMA|1
OB094|álbum|álbum|LEMMA|1
OB095|mundo|mundo|LEMMA|1
OB095|Soneto|Soneto|NER|1
OB096|mundo|mundo|LEMMA|1
OB096|Soneto|Soneto|NER|1
OB098|última|Última|LEMMA|1
OB098|hora|hora|LEMMA|1
OB099|Francisco José|Francisco José|NER|1
OB099|Emperador del Austria|Emperador del Austria|NER|1
OB100|constituido|Constituido|LEMMA|1
OB100|ya|ya|LEMMA|1
OB100|oficialmente|oficialmente|LEMMA|1
OB100|nuevo|nuevo|LEMMA|1
OB100|Ministerio Inglés|Ministerio Inglés|NER|1
OB110|parte|Parte|LEMMA|1
OB110|oficial|oficial|LEMMA|1
OB110|publicado|publicado|LEMMA|1
OB110|atalla|atalla|LEMMA|1
OB110|Monitor de París|Monitor de París|NER|1
OB110|Solferino|Solferino|NER|1
OB118|censo|Censo|LEMMA|1
OB118|aproximativo|aproximativo|LEMMA|1
OB118|periódico|periódico|LEMMA|1
OB118|leer|lee|LEMMA|1
OB118|siguiente|siguiente|LEMMA|1
OB118|Invento-Histórico|Invento-Histórico|NER|1
OB123|señor|señor|LEMMA|1
OB123|N.|N.|NER|1
OB123|señora **|señora **|NER|1
OB125|fauno|fauno|LEMMA|1
OB125|Goysevox|Goysevox|NER|1
OB126|prólogo|prólogo|LEMMA|1
OB126|episodio|Episodio|LEMMA|1
OB129|collar|collar|LEMMA|1
OB151|cabello|cabello|LEMMA|1
OB151|rubio|rubio|LEMMA|1
OB157|esposa|esposa|LEMMA|1
OB157|sol|sol|LEMMA|1
OB159|inauguración|Inauguración|LEMMA|1
OB159|teatro|teatro|LEMMA|1
OB159|D. José Piquer-Oda|D. José Piquer-Oda|NER|1
OB159|Alzad vuestras tumbas [...]|Alzad vuestras tumbas [...]|NER|1
OB179|estudios|Estudios|LEMMA|1
OB179|primero|primeros|LEMMA|1
OB179|tiempo|tiempos|LEMMA|1
OB179|Rusia|Rusia|NER|1
OB186|estudios|Estudios|LEMMA|1
OB186|primero|primeros|LEMMA|1
OB186|tiempo|tiempos|LEMMA|1
OB186|conclusión|Conclusión|LEMMA|1
OB186|Rusia|Rusia|NER|1
OB249|Safo|Safo|NER|1
OB253|abnegación|Abnegación|LEMMA|1
P001|Sombreros de Alexandrine|Sombreros de Alexandrine|NER|1
P003|Sombreros De Alexandrine|Sombreros De Alexandrine|NER|1
P004|Sombreros De Alexandrine|Sombreros De Alexandrine|NER|1
P008|perfumería|perfumería|LEMMA|1
P008|Planchais [...]|Planchais [...]|NER|1
P009|recomendar|Recomendamos|LEMMA|1
P009|lector|lectores|LEMMA|1
P009|piano|pianos|LEMMA|1
P010|Casa de comisión para París [...]|Casa de comisión para París [...]|NER|1
P011|enfermedad|enfermedades|LEMMA|1
P011|pecho|pecho|LEMMA|1
P012|prevenir|Prevenimos|LEMMA|1
P012|lector|lectores|LEMMA|1
P013|Corsets Plastiques Mme|Corsets Plastiques Mme|NER|1
P013|Bonvallet|Bonvallet|NER|1
P014|alquilar|alquila|LEMMA|1
P014|lindísimo|lindísima|LEMMA|1
P014|habitación|habitación|LEMMA|1
P015|casa|Casas|LEMMA|1
P015|recomendado|recomendadas|LEMMA|1
P015|artículo|artículos|LEMMA|1
P015|voga|voga|LEMMA|1
P016|Corsets|Corsets|LEMMA|1
P016|plastiques|plastiques|LEMMA|1
P016|Guantes|Guantes|LEMMA|1
P016|abanico|abanicos|LEMMA|1
P016|paráume|parfumes|LEMMA|1
P016|joyas|Joyas|LEMMA|1
P016|cabello|cabellos|LEMMA|1
P016|et|et|LEMMA|1
P016|Bonvallet|Bonvallet|NER|1
P016|Faguer Labollée|Faguer Labollée|NER|1
P016|Lemnnier|Lemnnier|NER|1
P016|Porcelaines|Porcelaines|NER|1
P017|casa|Casas|LEMMA|1
P017|recomendado|recomendadas|LEMMA|1
P018|cintas|Cintas|LEMMA|1
P018|pasamanería|pasamanerías|LEMMA|1
P018|fábrica|fábrica|LEMMA|1
P018|abanico|abanicos|LEMMA|1
P018|paráume|parfumes|LEMMA|1
P018|joyas|Joyas|LEMMA|1
P018|cabello|cabellos|LEMMA|1
P018|Sorré Dehsle|Sorré Dehsle|NER|1
P018|Corsets plastiques de Bonvallet|Corsets plastiques de Bonvallet|NER|1
P018|Guantes|Guantes|NER|1
P018|Faguer Labollée|Faguer Labollée|NER|1
P018|Lemnnier|Lemnnier|NER|1
P019|antephelique|antephelique|LEMMA|1
P019|pecas|Pecas|LEMMA|1
P019|mancha|manchas|LEMMA|1
P019|cara|cara|LEMMA|1
P019|Lait|Lait|NER|1
P020|Camisas Claudio|Camisas Claudio|NER|1
P020|Hermanos|Hermanos|NER|1
P021|tintura|Tintura|LEMMA|1
P021|inglés|inglesa|LEMMA|1
P021|instantáneo|instantánea|LEMMA|1
P022|casa|Casa|LEMMA|1
P022|particular|particular|LEMMA|1
P022|Huéspedes|Huéspedes|NER|1
P023|Casa Delacroix|Casa Delacroix|NER|1
P024|dentista|dentista|LEMMA|1
P024|Jules Bloch|Jules Bloch|NER|1
P025|Gaceta de Bellas Artes|Gaceta de Bellas Artes|NER|1
P026|pecas|Pecas|LEMMA|1
P026|mancha|manchas|LEMMA|1
P026|cara|cara|LEMMA|1
P027|casa|Casas|LEMMA|1
P027|recomendado|recomendadas|LEMMA|1
P028|Porta-monedas Despierres|Porta-monedas Despierres|NER|1
P029|Tarifs des insertions|Tarifs des insertions|NER|1
P030|cintas|Cintas|LEMMA|1
P030|pasamanería|pasamanerías|LEMMA|1
P030|fábrica|fábrica|LEMMA|1
P030|abanico|abanicos|LEMMA|1
P030|paráume|parfumes|LEMMA|1
P030|joyas|Joyas|LEMMA|1
P030|cabello|cabellos|LEMMA|1
P030|Sorré Dehsle|Sorré Dehsle|NER|1
P030|Corsets plastiques de Bonvallet|Corsets plastiques de Bonvallet|NER|1
P030|Guantes|Guantes|NER|1
P030|Faguer Labollée|Faguer Labollée|NER|1
P030|Lemnnier|Lemnnier|NER|1
P031|Camisas Claudio|Camisas Claudio|NER|1
P031|Hermanos|Hermanos|NER|1
P032|Nueva Geografía Sangansan|Nueva Geografía Sangansan|NER|1
P033|casa|Casa|LEMMA|1
P033|particular|particular|LEMMA|1
P033|Huéspedes|Huéspedes|NER|1
P034|Casa Delacroix|Casa Delacroix|NER|1
P035|dentista|dentista|LEMMA|1
P035|Jules Bloch|Jules Bloch|NER|1
P036|Platería Cristofle|Platería Cristofle|NER|1
P037|casa|Casas|LEMMA|1
P037|recomendado|recomendadas|LEMMA|1
P038|Tarifs des insertions|Tarifs des insertions|NER|1
P039|cintas|Cintas|LEMMA|1
P039|pasamanería|pasamanerías|LEMMA|1
P039|fábrica|fábrica|LEMMA|1
P039|abanico|abanicos|LEMMA|1
P039|paráume|parfumes|LEMMA|1
P039|joyas|Joyas|LEMMA|1
P039|cabello|cabellos|LEMMA|1
P039|Sorré Dehsle|Sorré Dehsle|NER|1
P039|Corsets plastiques de Bonvallet|Corsets plastiques de Bonvallet|NER|1
P039|Guantes|Guantes|NER|1
P039|Faguer Labollée|Faguer Labollée|NER|1
P039|Lemnnier|Lemnnier|NER|1
P040|Camisas Claudio|Camisas Claudio|NER|1
P040|Hermanos|Hermanos|NER|1
P041|Nueva Geografía Sangansan|Nueva Geografía Sangansan|NER|1
P042|casa|Casa|LEMMA|1
P042|particular|particular|LEMMA|1
P042|Huéspedes|Huéspedes|NER|1
P043|Casa Delacroix|Casa Delacroix|NER|1
P044|dentista|dentista|LEMMA|1
P044|Jules Bloch|Jules Bloch|NER|1
P045|Platería Cristofle|Platería Cristofle|NER|1
P046|casa|Casas|LEMMA|1
P046|recomendado|recomendadas|LEMMA|1
P047|Tarifs des insertions|Tarifs des insertions|NER|1
P048|Camisas Claudio|Camisas Claudio|NER|1
P048|Hermanos|Hermanos|NER|1
P049|Nueva Geografía Sangansan|Nueva Geografía Sangansan|NER|1
P050|casa|Casa|LEMMA|1
P050|particular|particular|LEMMA|1
P050|Huéspedes|Huéspedes|NER|1
P051|Casa Delacroix|Casa Delacroix|NER|1
P052|dentista|dentista|LEMMA|1
P052|Jules Bloch|Jules Bloch|NER|1
P053|Platería Cristofle|Platería Cristofle|NER|1
P054|casa|Casas|LEMMA|1
P054|recomendado|recomendadas|LEMMA|1
P055|Tarifs des insertions|Tarifs des insertions|NER|1
P056|Camisas Claudio|Camisas Claudio|NER|1
P056|Hermanos|Hermanos|NER|1
P057|Nueva Geografía Sangansan|Nueva Geografía Sangansan|NER|1
P058|casa|Casa|LEMMA|1
P058|particular|particular|LEMMA|1
P058|Huéspedes|Huéspedes|NER|1
P059|Casa Delacroix|Casa Delacroix|NER|1
P060|dentista|dentista|LEMMA|1
P060|Jules Bloch|Jules Bloch|NER|1
P061|Platería Cristofle|Platería Cristofle|NER|1
P062|casa|Casas|LEMMA|1
P062|recomendado|recomendadas|LEMMA|1
P063|Platería Cristofle|Platería Cristofle|NER|1
P064|Camisas Claudio|Camisas Claudio|NER|1
P064|Hermanos|Hermanos|NER|1
P065|Nueva Geografía Sangansan|Nueva Geografía Sangansan|NER|1
P066|casa|Casa|LEMMA|1
P066|particular|particular|LEMMA|1
P066|Huéspedes|Huéspedes|NER|1
P067|Casa Delacroix|Casa Delacroix|NER|1
P068|dentista|dentista|LEMMA|1
P068|Jules Bloch|Jules Bloch|NER|1
P069|casa|Casas|LEMMA|1
P069|recomendado|recomendadas|LEMMA|1
P070|cintas|Cintas|LEMMA|1
P070|pasamanería|pasamanerías|LEMMA|1
P070|fábrica|fábrica|LEMMA|1
P070|abanico|abanicos|LEMMA|1
P070|paráume|parfumes|LEMMA|1
P070|joyas|Joyas|LEMMA|1
P070|cabello|cabellos|LEMMA|1
P070|Sorré Dehsle|Sorré Dehsle|NER|1
P070|Corsets plastiques de Bonvallet|Corsets plastiques de Bonvallet|NER|1
P070|Guantes|Guantes|NER|1
P070|Faguer Labollée|Faguer Labollée|NER|1
P070|Lemnnier|Lemnnier|NER|1
P071|Camisas Claudio|Camisas Claudio|NER|1
P071|Hermanos|Hermanos|NER|1
P072|Nueva Geografía Sangansan|Nueva Geografía Sangansan|NER|1
P073|casa|Casa|LEMMA|1
P073|particular|particular|LEMMA|1
P073|Huéspedes|Huéspedes|NER|1
P074|Casa Delacroix|Casa Delacroix|NER|1
P075|dentista|dentista|LEMMA|1
P075|Jules Bloch|Jules Bloch|NER|1
P076|Platería Cristofle|Platería Cristofle|NER|1
P079|Camisas Claudio|Camisas Claudio|NER|1
P079|Hermanos|Hermanos|NER|1
P080|Nueva Geografía Sangansan|Nueva Geografía Sangansan|NER|1
P081|casa|Casa|LEMMA|1
P081|particular|particular|LEMMA|1
P081|Huéspedes|Huéspedes|NER|1
P082|Casa Delacroix|Casa Delacroix|NER|1
P083|dentista|dentista|LEMMA|1
P083|Jules Bloch|Jules Bloch|NER|1
P084|Platería Cristofle|Platería Cristofle|NER|1
P085|casa|Casas|LEMMA|1
P085|recomendado|recomendadas|LEMMA|1
P086|cintas|Cintas|LEMMA|1
P086|pasamanería|pasamanerías|LEMMA|1
P086|fábrica|fábrica|LEMMA|1
P086|abanico|abanicos|LEMMA|1
P086|paráume|parfumes|LEMMA|1
P086|joyas|Joyas|LEMMA|1
P086|cabello|cabellos|LEMMA|1
P086|Sorré Dehsle|Sorré Dehsle|NER|1
P086|Corsets plastiques de Bonvallet|Corsets plastiques de Bonvallet|NER|1
P086|Guantes|Guantes|NER|1
P086|Faguer Labollée|Faguer Labollée|NER|1
P086|Lemnnier|Lemnnier|NER|1
P087|Camisas Claudio|Camisas Claudio|NER|1
P087|Hermanos|Hermanos|NER|1
P088|Nueva Geografía Sangansan|Nueva Geografía Sangansan|NER|1
P089|casa|Casa|LEMMA|1
P089|particular|particular|LEMMA|1
P089|Huéspedes|Huéspedes|NER|1
P090|Casa Delacroix|Casa Delacroix|NER|1
P091|dentista|dentista|LEMMA|1
P091|Jules Bloch|Jules Bloch|NER|1
P092|Platería Cristofle|Platería Cristofle|NER|1
P093|cintas|Cintas|LEMMA|1
P093|pasamanería|pasamanerías|LEMMA|1
P093|fábrica|fábrica|LEMMA|1
P093|abanico|abanicos|LEMMA|1
P093|paráume|parfumes|LEMMA|1
P093|joyas|Joyas|LEMMA|1
P093|cabello|cabellos|LEMMA|1
P093|Sorré Dehsle|Sorré Dehsle|NER|1
P093|Corsets plastiques de Bonvallet|Corsets plastiques de Bonvallet|NER|1
P093|Guantes|Guantes|NER|1
P093|Faguer Labollée|Faguer Labollée|NER|1
P093|Lemnnier|Lemnnier|NER|1
P094|Platería Cristofle|Platería Cristofle|NER|1
P096|obras|Obras|LEMMA|1
P096|señora|señora|LEMMA|1
P096|doña Emilia Serrano de Wilson|doña Emilia Serrano de Wilson|NER|1
P097|Platería Cristofle|Platería Cristofle|NER|1
P098|obras|Obras|LEMMA|1
P098|señora|señora|LEMMA|1
P098|doña Emilia Serrano de Wilson|doña Emilia Serrano de Wilson|NER|1
P099|Platería Cristofle|Platería Cristofle|NER|1
P100|obras|Obras|LEMMA|1
P100|señora|señora|LEMMA|1
P100|doña Emilia Serrano de Wilson|doña Emilia Serrano de Wilson|NER|1
P101|Modes de Paris|Modes de Paris|NER|1
P101|Petit Courrier des Dames|Petit Courrier des Dames|NER|1
P102|Eco Hispano-Americano|Eco Hispano-Americano|NER|1
P103|obras|Obras|LEMMA|1
P103|señora|señora|LEMMA|1
P103|doña Emilia Serrano de Wilson|doña Emilia Serrano de Wilson|NER|1
P104|Eco Hispano-Americano|Eco Hispano-Americano|NER|1
P105|anuncio|Anuncio|LEMMA|1
P106|obras|Obras|LEMMA|1
P106|señora|señora|LEMMA|1
P106|doña Emilia Serrano de Wilson|doña Emilia Serrano de Wilson|NER|1
C003|explicación|Explicación|LEMMA|1
C003|lámina|lámina|LEMMA|1
C003|tapicería|tapicería|LEMMA|1
C004|explicación|Explicación|LEMMA|1
C004|lámina|lámina|LEMMA|1
C004|tapicería|tapicería|LEMMA|1
C005|explicación|Explicación|LEMMA|1
C005|figurín|figurín|LEMMA|1
C006|Moda de Caballeros|Moda de Caballeros|NER|1
C009|explicación|Explicación|LEMMA|1
C009|figurín|figurín|LEMMA|1
C010|explicación|Explicación|LEMMA|1
C010|figurín|figurín|LEMMA|1
C012|descripción|Descripción|LEMMA|1
C012|figurín|figurín|LEMMA|1
C012|primero|primer|LEMMA|1
C012|segundo|segundo|LEMMA|1
C012|traje|traje|LEMMA|1
C013|descripción|Descripción|LEMMA|1
C013|figurín|figurín|LEMMA|1
C013|traje|traje|LEMMA|1
C013|novia|novia|LEMMA|1
C013|madre|madre|LEMMA|1
C015|explicación|Explicación|LEMMA|1
C015|figurín|figurín|LEMMA|1
C019|descripción|Descripción|LEMMA|1
C019|figurín|figurín|LEMMA|1
C019|baile|baile|LEMMA|1
C020|figurín|Figurín|LEMMA|1
C020|visita|visita|LEMMA|1
C021|explicación|Explicación|LEMMA|1
C021|figurín|figurín|LEMMA|1
C023|explicación|Explicación|LEMMA|1
C023|figurín|figurín|LEMMA|1
C024|explicación|Explicación|LEMMA|1
C024|figurín|figurín|LEMMA|1
C025|explicación|Explicación|LEMMA|1
C025|figurín|figurín|LEMMA|1
C026|explicación|Explicación|LEMMA|1
C026|figurín|figurín|LEMMA|1
C029|explicación|Explicación|LEMMA|1
C029|figurín|figurín|LEMMA|1
C030|explicación|Explicación|LEMMA|1
C030|figurín|figurines|LEMMA|1
C030|primero|Primero|LEMMA|1
C031|explicación|Explicación|LEMMA|1
C031|figurín|figurines|LEMMA|1
C031|Segundo|Segundo|NER|1
