Num_row,Categoría,Form,Tipo,Frecuencia
1,enviar,Enviando,LEMMA,1
1,obra,obras,LEMMA,1
1,Sr. D. R. P.,Sr. D. R. P.,NER,1
2,mujer,mujer,LEMMA,1
2,piadoso,piadosa,LEMMA,1
2,Fragmentos,Fragmentos,NER,1
3,Desvarío,Desvarío,NER,1
4,gloria,Gloria,LEMMA,1
4,pobreza,pobreza,LEMMA,1
4,Soneto,Soneto,NER,1
4,inmortal Quintana...,inmortal Quintana...,NER,1
5,despedida,despedida,LEMMA,1
5,hija,hija,LEMMA,1
5,Balada,Balada,NER,1
6,viaje,viaje,LEMMA,1
6,prólogo,Prólogo,LEMMA,1
6,pesadilla,pesadilla,LEMMA,1
6,Luna,Luna,NER,1
6,Mocquet,Mocquet,NER,1
7,álbum,álbum,LEMMA,1
7,señora M…,señora M…,NER,1
8,primavera,primavera,LEMMA,1
9,perejilera,perejilera,LEMMA,1
10,viaje,viaje,LEMMA,1
10,continuación,Continuación,LEMMA,1
10,Luna,Luna,NER,1
11,señor,señor,LEMMA,1
11,Don B. M.,Don B. M.,NER,1
12,orilla,orillas,LEMMA,1
12,súplica,súplica,LEMMA,1
12,Manzanares,Manzanares,NER,1
13,viaje,viaje,LEMMA,1
13,continuación,Continuación,LEMMA,1
13,Luna,Luna,NER,1
14,fragmentos,Fragmentos,LEMMA,1
14,de la Rosa de Alejandra,de la Rosa de Alejandra,NER,1
15,gente,Gente,LEMMA,1
15,moreno,morena,LEMMA,1
16,viaje,viaje,LEMMA,1
16,continuación,Continuación,LEMMA,1
16,Luna,Luna,NER,1
17,excmo,excmo,LEMMA,1
17,día,día,LEMMA,1
17,santo,santo,LEMMA,1
17,Sr. D. Agustín Esteban Collantes,Sr. D. Agustín Esteban Collantes,NER,1
18,niña,niña,LEMMA,1
18,día,día,LEMMA,1
18,cumpleaños,cumpleaños,LEMMA,1
18,Margarita Aurora de Wilson,Margarita Aurora de Wilson,NER,1
18,Serrano,Serrano,NER,1
19,costumbres,Costumbres,LEMMA,1
20,novela,Novela,LEMMA,1
20,bretono,bretona,LEMMA,1
20,Margarita,Margarita,NER,1
21,esconder,escondidos,LEMMA,1
21,tapada,tapada,LEMMA,1
21,fragmentos,Fragmentos,LEMMA,1
22,apreciable,apreciable,LEMMA,1
22,amiga,amiga,LEMMA,1
22,álbum,álbum,LEMMA,1
22,Señora doña M. Del Pilar Sinués de Marco,Señora doña M. Del Pilar Sinués de Marco,NER,1
23,costumbres,Costumbres,LEMMA,1
24,novela,Novela,LEMMA,1
24,bretono,bretona,LEMMA,1
24,continuación,Continuación,LEMMA,1
24,Margarita,Margarita,NER,1
25,niña,niña,LEMMA,1
25,Margarita Aurora de Wilson,Margarita Aurora de Wilson,NER,1
25,Serrano,Serrano,NER,1
26,María,María,NER,1
27,Alteza Real,Alteza Real,NER,1
27,Príncipe de Asturias,Príncipe de Asturias,NER,1
28,novela,Novela,LEMMA,1
28,bretono,bretona,LEMMA,1
28,Conclusión,Conclusión,LEMMA,1
28,Margarita,Margarita,NER,1
29,otoño,otoño,LEMMA,1
30,aún,Aún,LEMMA,1
30,eco,eco,LEMMA,1
30,tener,tienen,LEMMA,1
30,alma,alma,LEMMA,1
30,Soneto,Soneto,NER,1
31,atentado,Atentado,LEMMA,1
31,SS. MM. II,SS. MM. II,NER,1
32,hacer,Hace,LEMMA,1
32,año,años,LEMMA,1
32,banquero,banquero,LEMMA,1
32,mucho,muy,LEMMA,1
32,rico,rico,LEMMA,1
32,periódico,periódicos,LEMMA,1
32,francés,franceses,LEMMA,1
32,extranjero,extranjero,LEMMA,1
32,El matrimonio de la Princesa real de Inglaterra [...],El matrimonio de la Princesa real de Inglaterra [...],NER,1
33,Poesía,Poesía,NER,1
33,Oda,Oda,NER,1
34,buen,buen,LEMMA,1
34,amigo,amigo,LEMMA,1
34,distinguir,distinguido,LEMMA,1
34,escritor,escritor,LEMMA,1
34,don,don,LEMMA,1
34,prueba,prueba,LEMMA,1
34,sincero,sincera,LEMMA,1
34,amistad,amistad,LEMMA,1
34,Alejandro Dumas,Alejandro Dumas,NER,1
35,luna,luna,LEMMA,1
35,Soneto,Soneto,NER,1
36,apariencia,apariencias,LEMMA,1
36,engañar,engañan,LEMMA,1
36,historia-cuento,Historia-cuento,LEMMA,1
37,viaje,viaje,LEMMA,1
37,sábado,sábado,LEMMA,1
37,hablar,Habláse,LEMMA,1
37,círculo,círculos,LEMMA,1
37,aristocrático,aristocrático,LEMMA,1
37,matrimonio,matrimonio,LEMMA,1
37,SS.,SS.,NER,1
37,AA. [...,AA. [...,NER,1
37,El príncipe Mirza-Ally-Kan-Bahadoor [...],El príncipe Mirza-Ally-Kan-Bahadoor [...],NER,1
38,invierno,invierno,LEMMA,1
39,hada,hada,LEMMA,1
39,azul,azul,LEMMA,1
40,lunes,lunes,LEMMA,1
40,corriente,corriente,LEMMA,1
40,inaugurar,inaugurado,LEMMA,1
40,ir,Vamos,LEMMA,1
40,contar,contar,LEMMA,1
40,historia,historia,LEMMA,1
40,ocurrir,ocurrida,LEMMA,1
40,día,días,LEMMA,1
40,Pascua,Pascua,LEMMA,1
40,generalísimo,generalísimo,LEMMA,1
40,ejército,ejército,LEMMA,1
40,otomano,otomano,LEMMA,1
40,Ismail,Ismail,NER,1
41,navío,navío,LEMMA,1
41,Leviatán,Leviatán,NER,1
42,ayes,Ayes,LEMMA,1
42,corazón,corazón,LEMMA,1
43,carta,Carta,LEMMA,1
43,M. de Lamartine,M. de Lamartine,NER,1
44,introducción,Introducción,LEMMA,1
45,Isabel II,Isabel II,NER,1
46,Hamlet,Hamlet,NER,1
47,lector,lector,LEMMA,1
47,pedir,pide,LEMMA,1
47,trata,trata,LEMMA,1
47,decadencia,decadencia,LEMMA,1
47,costumbre,costumbres,LEMMA,1
47,recibir,recibía,LEMMA,1
47,gobierno,gobierno,LEMMA,1
47,Malibran,Malibran,NER,1
47,Londres,Londres,NER,1
47,Brasil,Brasil,NER,1
48,consignar,Consignamos,LEMMA,1
48,acarta,acarta,LEMMA,1
48,original,original,LEMMA,1
48,enos,enos,LEMMA,1
48,dirigir,dirigido,LEMMA,1
48,M. de Lamartine,M. de Lamartine,NER,1
49,raza,raza,LEMMA,1
49,latino,latina,LEMMA,1
49,introducción,Introducción,LEMMA,1
49,Porvenir,Porvenir,NER,1
49,Francia,Francia,NER,1
49,Nuevo-Mundo,Nuevo-Mundo,NER,1
50,república,república,LEMMA,1
50,Confederación Argentina,Confederación Argentina,NER,1
50,Uruguay-Le Paraguay,Uruguay-Le Paraguay,NER,1
51,S. M. La emperatriz de los franceses,S. M. La emperatriz de los franceses,NER,1
52,curso,Cursos,LEMMA,1
52,familiar,familiares,LEMMA,1
52,literatura,literatura,LEMMA,1
52,pintura,pintura,LEMMA,1
53,perro,perro,LEMMA,1
53,Zurbarán,Zurbarán,NER,1
54,serenatas,Serenatas,LEMMA,1
54,introducción,Introducción,LEMMA,1
54,Fragmentos,Fragmentos,LEMMA,1
55,venir,viene,LEMMA,1
55,periodista,periodista,LEMMA,1
55,inglés,inglés,LEMMA,1
55,suceder,sucedido,LEMMA,1
55,alrededor,alrededores,LEMMA,1
55,máxima,Máximas,LEMMA,1
55,Filadelfia,Filadelfia,NER,1
56,recordar,Recuerdo,LEMMA,1
56,baile,baile,LEMMA,1
56,hotel,hotel,LEMMA,1
56,Ville,Ville,NER,1
57,abertura,Abertura,LEMMA,1
57,río,ríos,LEMMA,1
57,Paraguay,Paraguay,NER,1
58,sra,Sra,LEMMA,1
58,Escma,Escma,NER,1
58,Dª Gertrudis Gómez de Avellaneda,Dª Gertrudis Gómez de Avellaneda,NER,1
59,marzo,marzo,LEMMA,1
60,curso,Cursos,LEMMA,1
60,familiar,familiares,LEMMA,1
60,literatura,literatura,LEMMA,1
60,Leopoldo Robert,Leopoldo Robert,NER,1
61,leyenda,Leyenda,LEMMA,1
61,pastoral,pastoral,LEMMA,1
62,dalia,dalia,LEMMA,1
63,hacer,Hace,LEMMA,1
63,semana,semanas,LEMMA,1
63,diario,diarios,LEMMA,1
63,aquí,aquí,LEMMA,1
63,siguiente,siguiente,LEMMA,1
63,anécdota,anécdota,LEMMA,1
63,curioso,curioso,LEMMA,1
63,decir,dicho,LEMMA,1
63,vilain,vilain,LEMMA,1
63,Leemos en el Monitor  [...],Leemos en el Monitor  [...],NER,1
63,Alto,Alto,NER,1
63,Bajo Rin,Bajo Rin,NER,1
63,El matrimonio del hijo mayor [...],El matrimonio del hijo mayor [...],NER,1
63,Savonnette,Savonnette,NER,1
64,carta,Carta,LEMMA,1
64,Ramón de la Sagra,Ramón de la Sagra,NER,1
65,artículo,Artículo,LEMMA,1
65,Estados-Unidos,Estados-Unidos,NER,1
65,Paraguay,Paraguay,NER,1
66,costumbres,Costumbres,LEMMA,1
66,andaluza,andaluzas,LEMMA,1
66,marinero,marineros,LEMMA,1
67,viaje,Viaje,LEMMA,1
67,vestido,vestido,LEMMA,1
67,boda,boda,LEMMA,1
68,príncipe,príncipe,LEMMA,1
68,SS. AA. II,SS. AA. II,NER,1
68,princesa Napoleón,princesa Napoleón,NER,1
69,miércoles,miércoles,LEMMA,1
69,ceniza,ceniza,LEMMA,1
70,curso,Cursos,LEMMA,1
70,familiar,familiares,LEMMA,1
70,literatura,literatura,LEMMA,1
70,Leopoldo Robert,Leopoldo Robert,NER,1
70,Conclusión,Conclusión,NER,1
71,día,días,LEMMA,1
71,hacer,hacen,LEMMA,1
71,adelanto,adelantos,LEMMA,1
71,fotografía,fotografía,LEMMA,1
71,acabar,Acaba,LEMMA,1
71,llegar,llegar,LEMMA,1
71,San Petesburgo,San Petesburgo,NER,1
71,El Entreacto publica un acarta fechada en Génova,El Entreacto publica un acarta fechada en Génova,NER,1
72,Memorándum especial por la guerra de Italia,Memorándum especial por la guerra de Italia,NER,1
73,introducción,Introducción,LEMMA,1
74,Pbro,Pbro,NER,1
74,D. Félix Varela,D. Félix Varela,NER,1
75,flor,flores,LEMMA,1
75,mayo,mayo,LEMMA,1
76,catedral de Bron,catedral de Bron,NER,1
78,viaje,Viaje,LEMMA,1
78,rededpr,rededpr,LEMMA,1
78,vestido,vestido,LEMMA,1
78,boda,boda,LEMMA,1
78,conclusiones,Conclusiones,LEMMA,1
79,Artículo II,Artículo II,NER,1
79,Estados-Unidos,Estados-Unidos,NER,1
79,Paraguay,Paraguay,NER,1
81,ver,vea,LEMMA,1
81,principal,principales,LEMMA,1
81,interés,intereses,LEMMA,1
81,amortización,amortización,LEMMA,1
81,público,pública,LEMMA,1
81,Deuda,Deuda,NER,1
82,carta,Carta,LEMMA,1
82,M. Alejandro Dumas,M. Alejandro Dumas,NER,1
83,Carta del Sr.,Carta del Sr.,NER,1
83,Guillemot,Guillemot,NER,1
84,Napoleón III,Napoleón III,NER,1
85,Víctor Manuel II,Víctor Manuel II,NER,1
86,oso,oso,LEMMA,1
87,amigo,amigo,LEMMA,1
87,Poesía,Poesía,NER,1
87,Mariano G. Manrique,Mariano G. Manrique,NER,1
88,perfil,Perfil,LEMMA,1
88,inglés,inglés,LEMMA,1
89,ostra,ostra,LEMMA,1
90,Poesía,Poesía,NER,1
90,Napoleón III,Napoleón III,NER,1
91,tumba,tumba,LEMMA,1
91,cementerio,cementerio,LEMMA,1
91,Montmartre,Montmartre,NER,1
91,Fragmento,Fragmento,NER,1
92,consideraciones,Consideraciones,LEMMA,1
92,vestido,vestidos,LEMMA,1
93,Gran,Gran,LEMMA,1
93,batalla,batalla,LEMMA,1
93,Solferino,Solferino,NER,1
94,Memorándum especial por la guerra de Italia,Memorándum especial por la guerra de Italia,NER,1
95,emperador,emperador,LEMMA,1
95,emperatriz,emperatriz,LEMMA,1
95,Batalla de Solferino,Batalla de Solferino,NER,1
96,proclamar,Proclama,LEMMA,1
96,Ejército de Italia,Ejército de Italia,NER,1
97,entrevista,entrevista,LEMMA,1
97,nuevo,Nuevos,LEMMA,1
97,detalle,detalles,LEMMA,1
97,Villafranca,Villafranca,NER,1
98,mayor,mayor,LEMMA,1
98,general,general,LEMMA,1
98,ejército,ejército,LEMMA,1
98,mariscal Vaillant,mariscal Vaillant,NER,1
98,Italia,Italia,NER,1
99,costumbres,Costumbres,LEMMA,1
99,andaluza,andaluzas,LEMMA,1
99,baile,baile,LEMMA,1
99,candil,candil,LEMMA,1
99,Poesía,Poesía,NER,1
100,emperador,emperador,LEMMA,1
100,S. M.,S. M.,NER,1
100,Napoleón III,Napoleón III,NER,1
100,Fragmentos,Fragmentos,NER,1
101,fotografía,fotografía,LEMMA,1
102,festín,festín,LEMMA,1
102,estudio,Estudio,LEMMA,1
102,bíblico,bíblico,LEMMA,1
102,Baltasar,Baltasar,NER,1
104,primero,primera,LEMMA,1
104,quincena,quincena,LEMMA,1
104,mes,mes,LEMMA,1
104,agosto,agosto,LEMMA,1
105,general,general,LEMMA,1
105,Garibaldi,Garibaldi,NER,1
106,día,días,LEMMA,1
107,débil,débil,LEMMA,1
107,muestra,muestra,LEMMA,1
107,aprecio,aprecio,LEMMA,1
107,Señora Doña Emilia Serrano de Wilson,Señora Doña Emilia Serrano de Wilson,NER,1
108,Offland,Offland,NER,1
109,señorita,señorita,LEMMA,1
109,doña María Verdejo,doña María Verdejo,NER,1
109,Durán,Durán,NER,1
110,cifra,cifra,LEMMA,1
110,ciprés,ciprés,LEMMA,1
111,María Leczinska,María Leczinska,NER,1
112,composición,Composición,LEMMA,1
112,ópera,ópera,LEMMA,1
112,Otello,Otello,NER,1
112,Rossini,Rossini,NER,1
113,robo,robo,LEMMA,1
113,niño,niño,LEMMA,1
113,señora Hua,señora Hua,NER,1
114,señora,señora,LEMMA,1
114,doña Carolina Coronado,doña Carolina Coronado,NER,1
115,granadino,granadina,LEMMA,1
115,Marcha,Marcha,LEMMA,1
115,guerrera,guerrera,LEMMA,1
116,genio,genio,LEMMA,1
117,María Leczinska,María Leczinska,NER,1
118,coro,coro,LEMMA,1
118,ángel,ángeles,LEMMA,1
119,kaleidescopio,kaleidescopio,LEMMA,1
120,duelo,duelo,LEMMA,1
120,mujer,mujeres,LEMMA,1
121,secreto,secretos,LEMMA,1
121,hermosura,hermosura,LEMMA,1
122,día,día,LEMMA,1
122,niña Adelaida,niña Adelaida,NER,1
123,Esther,Esther,NER,1
124,origen,Origen,LEMMA,1
124,instrumento,instrumentos,LEMMA,1
124,guitarra,guitarra,LEMMA,1
125,Tetuán,Tetuán,NER,1
126,duelo,duelo,LEMMA,1
126,mujer,mujeres,LEMMA,1
126,continuación,Continuación,LEMMA,1
127,secreto,Secretos,LEMMA,1
127,hermosura,hermosura,LEMMA,1
127,continuación,Continuación,LEMMA,1
128,l,L,LEMMA,1
128,vuelta,vuelta,LEMMA,1
128,golondrina,golondrina,LEMMA,1
128,Fragmentos,Fragmentos,LEMMA,1
129,duelo,duelo,LEMMA,1
129,mujer,mujeres,LEMMA,1
129,continuación,Continuación,LEMMA,1
130,secreto,Secretos,LEMMA,1
130,hermosura,hermosura,LEMMA,1
130,continuación,Continuación,LEMMA,1
131,sauce,sauce,LEMMA,1
132,Balada,Balada,NER,1
133,duelo,duelo,LEMMA,1
133,mujer,mujeres,LEMMA,1
133,continuación,Continuación,LEMMA,1
134,hermana,hermana,LEMMA,1
134,Velázquez,Velázquez,NER,1
135,cuaresma,cuaresma,LEMMA,1
135,amor,amor,LEMMA,1
136,mejor,mejor,LEMMA,1
136,niña,niña,LEMMA,1
137,duelo,duelo,LEMMA,1
137,mujer,mujeres,LEMMA,1
137,continuación,Continuación,LEMMA,1
138,museo,museo,LEMMA,1
138,viviente,viviente,LEMMA,1
138,colección,colección,LEMMA,1
138,cuadro,cuadros,LEMMA,1
138,social,sociales,LEMMA,1
138,cuadro,Cuadro,LEMMA,1
138,primero,primero,LEMMA,1
138,doña Eulogia,doña Eulogia,NER,1
139,hermana,hermana,LEMMA,1
139,Velázquez,Velázquez,NER,1
140,oliva,oliva,LEMMA,1
140,paz,paz,LEMMA,1
140,España,España,NER,1
140,Marruecos,Marruecos,NER,1
141,descripción,Descripción,LEMMA,1
141,teatro,teatro,LEMMA,1
141,D. José Piquer,D. José Piquer,NER,1
142,duelo,duelo,LEMMA,1
142,mujer,mujeres,LEMMA,1
142,continuación,Continuación,LEMMA,1
143,hermana,hermana,LEMMA,1
143,Velázquez,Velázquez,NER,1
144,ángel,ángel,LEMMA,1
144,inclusa,inclusa,LEMMA,1
145,espejo,espejos,LEMMA,1
145,mágico,mágicos,LEMMA,1
145,cuento,Cuento,LEMMA,1
145,fantástico,fantástico,LEMMA,1
146,cartas,Cartas,LEMMA,1
146,Cuba,Cuba,NER,1
146,Cojimar,Cojimar,NER,1
147,día,Días,LEMMA,1
147,pasado,pasados,LEMMA,1
147,hallar,hallaba,LEMMA,1
147,bosque,bosque,LEMMA,1
147,no,No,LEMMA,1
147,resistir,resistir,LEMMA,1
147,deseo,deseo,LEMMA,1
147,copiar,copiar,LEMMA,1
147,La ópera de Verdi [...],La ópera de Verdi [...],NER,1
147,El marqués de Casa-Riera [...],El marqués de Casa-Riera [...],NER,1
148,cama,cama,LEMMA,1
148,matrimonio,matrimonio,LEMMA,1
148,Balada,Balada,NER,1
149,tumba,tumbas,LEMMA,1
149,Dolora,Dolora,NER,1
150,Colón,Colón,NER,1
151,madre,madre,LEMMA,1
152,baile,baile,LEMMA,1
152,manga,manga,LEMMA,1
152,largo,larga,LEMMA,1
153,heredad,heredad,LEMMA,1
153,bendecido,bendecida,LEMMA,1
155,Macahé,Macahé,NER,1
156,álbum,álbum,LEMMA,1
156,Emilia,Emilia,NER,1
157,ascensión,ascensión,LEMMA,1
157,Señor,Señor,NER,1
158,madre,madre,LEMMA,1
159,cartas,Cartas,LEMMA,1
159,conuco,conuco,LEMMA,1
159,indio,indio,LEMMA,1
159,Cuba,Cuba,NER,1
160,amor,Amor,LEMMA,1
160,fe,fe,LEMMA,1
161,rosa,rosas,LEMMA,1
162,Griseldina,Griseldina,NER,1
163,sobrina,sobrina,LEMMA,1
163,Araceli Abril de Armendi,Araceli Abril de Armendi,NER,1
164,mensage,mensage,LEMMA,1
165,Griseldina,Griseldina,NER,1
166,cartas,Cartas,LEMMA,1
166,conuco,conuco,LEMMA,1
166,indio,indio,LEMMA,1
166,Cuba,Cuba,NER,1
167,caricia,caricia,LEMMA,1
167,curar,curar,LEMMA,1
167,defecto,defecto,LEMMA,1
168,princpio,princpio,LEMMA,1
168,fin,fin,LEMMA,1
169,felicidad,felicidad,LEMMA,1
170,álbum,álbum,LEMMA,1
170,niña,niña,LEMMA,1
171,arte,arte,LEMMA,1
171,Oda,Oda,NER,1
172,dama,dama,LEMMA,1
172,mucho,muy,LEMMA,1
172,galanteado,galanteada,LEMMA,1
172,álbum,álbum,LEMMA,1
173,princpio,princpio,LEMMA,1
173,fin,fin,LEMMA,1
173,novela,Novela,LEMMA,1
173,costumbre,costumbres,LEMMA,1
173,contemporáneo,contemporáneas,LEMMA,1
174,felicidad,felicidad,LEMMA,1
175,Periquito el Veleidoso,Periquito el Veleidoso,NER,1
176,cartas,Cartas,LEMMA,1
176,conuco,conuco,LEMMA,1
176,indio,indio,LEMMA,1
176,Cuba,Cuba,NER,1
177,Santo Domingo,Santo Domingo,NER,1
178,toque,toque,LEMMA,1
178,oración,oración,LEMMA,1
179,Soledad,Soledad,NER,1
180,princpio,princpio,LEMMA,1
180,fin,fin,LEMMA,1
180,novela,Novela,LEMMA,1
180,costumbre,costumbres,LEMMA,1
180,contemporáneo,contemporáneas,LEMMA,1
181,bail,bailes,LEMMA,1
181,campestre,campestres,LEMMA,1
181,Santander,Santander,NER,1
182,Periquito el Veleidoso,Periquito el Veleidoso,NER,1
182,Conclusion,Conclusion,NER,1
183,duelos,Duelos,LEMMA,1
183,amor,amor,LEMMA,1
184,Allende los mares mora [...],Allende los mares mora [...],NER,1
185,señora,señora,LEMMA,1
185,álbum,álbum,LEMMA,1
185,doña Emila Serrano de Wilson,doña Emila Serrano de Wilson,NER,1
186,álbum,álbum,LEMMA,1
186,señorita,señorita,LEMMA,1
186,J. R.,J. R.,NER,1
187,carta,Carta,LEMMA,1
188,lugar,lugar,LEMMA,1
189,duelos,Duelos,LEMMA,1
189,amor,amor,LEMMA,1
189,Conclusión,Conclusión,LEMMA,1
190,tradición,Tradición,LEMMA,1
190,Rolandseck,Rolandseck,NER,1
191,secreto,Secretos,LEMMA,1
191,tocador,tocador,LEMMA,1
192,madre,madre,LEMMA,1
192,marquesa,marquesa,NER,1
193,Poesía,Poesía,NER,1
194,ilusión,Ilusión,LEMMA,1
195,violeta,violeta,LEMMA,1
195,Soneto,Soneto,NER,1
196,verdad,verdad,LEMMA,1
196,sentimiento,sentimiento,LEMMA,1
197,poesía,poesía,LEMMA,1
197,oportunidad,oportunidad,LEMMA,1
197,objeto,objeto,LEMMA,1
198,lugar,lugar,LEMMA,1
198,Conclusión,Conclusión,LEMMA,1
199,viaje,Viaje,LEMMA,1
199,SS. MM,SS. MM,NER,1
200,Mariquita,Mariquita,NER,1
201,aventura,aventuras,LEMMA,1
201,numeroso,numerosas,LEMMA,1
201,general,general,LEMMA,1
201,notable,notable,LEMMA,1
201,siguiente,siguiente,LEMMA,1
201,Bonaparte,Bonaparte,NER,1
202,madre,madre,LEMMA,1
202,marquesa,marquesa,LEMMA,1
202,Continuación,Continuación,LEMMA,1
203,episodio,Episodio,LEMMA,1
203,dominación,dominación,LEMMA,1
203,francés,francesa,LEMMA,1
203,sargento Pérez,sargento Pérez,NER,1
203,Santo Domingo,Santo Domingo,NER,1
204,princpio,princpio,LEMMA,1
204,fin,fin,LEMMA,1
204,novela,Novela,LEMMA,1
204,costumbre,costumbres,LEMMA,1
204,contemporáneo,contemporáneas,LEMMA,1
205,pájaro,pájaros,LEMMA,1
206,flor,flor,LEMMA,1
207,moneda,moneda,LEMMA,1
207,oro,oro,LEMMA,1
208,matrimonios,Matrimonios,LEMMA,1
208,anuncio,anuncios,LEMMA,1
208,baño,baños,LEMMA,1
208,hacer,Hace,LEMMA,1
208,día,días,LEMMA,1
208,Biarritz,Biarritz,NER,1
209,madre,madre,LEMMA,1
209,marquesa,marquesa,LEMMA,1
209,Continuación,Continuación,LEMMA,1
210,Sevilla,Sevilla,NER,1
211,año,año,LEMMA,1
211,más,más,LEMMA,1
211,Soneto,Soneto,NER,1
212,Carta I. Monserrat,Carta I. Monserrat,NER,1
213,moneda,moneda,LEMMA,1
213,oro,oro,LEMMA,1
214,paseo,paseo,LEMMA,1
214,lago,lago,LEMMA,1
214,negro,negro,LEMMA,1
215,feria,feria,LEMMA,1
215,Ucles,Ucles,NER,1
216,madre,madre,LEMMA,1
216,marquesa,marquesa,LEMMA,1
216,Continuación,Continuación,LEMMA,1
217,cabello,cabello,LEMMA,1
217,suelto,suelto,LEMMA,1
217,Fábula,Fábula,NER,1
218,Carta II,Carta II,NER,1
218,Valencia,Valencia,NER,1
219,feria,feria,LEMMA,1
219,Ucles,Ucles,NER,1
220,poesía,poesía,LEMMA,1
220,oportunidad,oportunidad,LEMMA,1
220,objeto,objeto,LEMMA,1
221,moneda,moneda,LEMMA,1
221,oro,oro,LEMMA,1
222,duquesa,duquesa,LEMMA,1
222,octogenario,octogenaria,LEMMA,1
222,aldeana,aldeana,LEMMA,1
222,enriquecer,enriquecida,LEMMA,1
222,La señora de J [...],La señora de J [...],NER,1
222,El señor X [...],El señor X [...],NER,1
223,escalera,escalera,LEMMA,1
224,Carta III,Carta III,NER,1
224,Barcelona,Barcelona,NER,1
225,moneda,moneda,LEMMA,1
225,oro,oro,LEMMA,1
225,Conclusión,Conclusión,NER,1
226,Brasil,Brasil,NER,1
227,alma,alma,LEMMA,1
227,duda,dudas,LEMMA,1
228,istmo,istmo,LEMMA,1
228,Panamá,Panamá,NER,1
229,peregrinación,peregrinación,LEMMA,1
229,Saint-Point,Saint-Point,NER,1
230,destino,destinos,LEMMA,1
230,no,no,LEMMA,1
230,haber,hay,LEMMA,1
230,amigo,amigos,LEMMA,1
230,proverbio,Proverbio,LEMMA,1
230,cuadro,cuadros,LEMMA,1
231,sombrero,sombrero,LEMMA,1
231,emperador,emperador,LEMMA,1
231,Austria,Austria,NER,1
232,amor,amor,LEMMA,1
233,Feria,Feria,NER,1
233,Sevilla,Sevilla,NER,1
235,lentigo,lentigo,LEMMA,1
235,tratamiento,tratamiento,LEMMA,1
236,primero,primera,LEMMA,1
236,página,página,LEMMA,1
236,álbum,álbum,LEMMA,1
237,mundo,mundo,LEMMA,1
237,Soneto,Soneto,NER,1
238,mundo,mundo,LEMMA,1
238,Soneto,Soneto,NER,1
239,última,Última,LEMMA,1
239,hora,hora,LEMMA,1
240,Francisco José,Francisco José,NER,1
240,Emperador del Austria,Emperador del Austria,NER,1
241,constituido,Constituido,LEMMA,1
241,ya,ya,LEMMA,1
241,oficialmente,oficialmente,LEMMA,1
241,nuevo,nuevo,LEMMA,1
241,Ministerio Inglés,Ministerio Inglés,NER,1
242,parte,Parte,LEMMA,1
242,oficial,oficial,LEMMA,1
242,publicado,publicado,LEMMA,1
242,atalla,atalla,LEMMA,1
242,Monitor de París,Monitor de París,NER,1
242,Solferino,Solferino,NER,1
243,censo,Censo,LEMMA,1
243,aproximativo,aproximativo,LEMMA,1
243,periódico,periódico,LEMMA,1
243,leer,lee,LEMMA,1
243,siguiente,siguiente,LEMMA,1
243,Invento-Histórico,Invento-Histórico,NER,1
244,señor,señor,LEMMA,1
244,N.,N.,NER,1
244,señora **,señora **,NER,1
245,fauno,fauno,LEMMA,1
245,Goysevox,Goysevox,NER,1
246,prólogo,prólogo,LEMMA,1
246,episodio,Episodio,LEMMA,1
247,collar,collar,LEMMA,1
248,cabello,cabello,LEMMA,1
248,rubio,rubio,LEMMA,1
249,esposa,esposa,LEMMA,1
249,sol,sol,LEMMA,1
250,inauguración,Inauguración,LEMMA,1
250,teatro,teatro,LEMMA,1
250,D. José Piquer-Oda,D. José Piquer-Oda,NER,1
250,Alzad vuestras tumbas [...],Alzad vuestras tumbas [...],NER,1
251,estudios,Estudios,LEMMA,1
251,primero,primeros,LEMMA,1
251,tiempo,tiempos,LEMMA,1
251,Rusia,Rusia,NER,1
252,estudios,Estudios,LEMMA,1
252,primero,primeros,LEMMA,1
252,tiempo,tiempos,LEMMA,1
252,conclusión,Conclusión,LEMMA,1
252,Rusia,Rusia,NER,1
253,Safo,Safo,NER,1
254,abnegación,Abnegación,LEMMA,1
255,Sombreros de Alexandrine,Sombreros de Alexandrine,NER,1
257,Sombreros De Alexandrine,Sombreros De Alexandrine,NER,1
258,Sombreros De Alexandrine,Sombreros De Alexandrine,NER,1
262,perfumería,perfumería,LEMMA,1
262,Planchais [...],Planchais [...],NER,1
263,recomendar,Recomendamos,LEMMA,1
263,lector,lectores,LEMMA,1
263,piano,pianos,LEMMA,1
264,Casa de comisión para París [...],Casa de comisión para París [...],NER,1
265,enfermedad,enfermedades,LEMMA,1
265,pecho,pecho,LEMMA,1
266,prevenir,Prevenimos,LEMMA,1
266,lector,lectores,LEMMA,1
267,Corsets Plastiques Mme,Corsets Plastiques Mme,NER,1
267,Bonvallet,Bonvallet,NER,1
268,alquilar,alquila,LEMMA,1
268,lindísimo,lindísima,LEMMA,1
268,habitación,habitación,LEMMA,1
269,casa,Casas,LEMMA,1
269,recomendado,recomendadas,LEMMA,1
269,artículo,artículos,LEMMA,1
269,voga,voga,LEMMA,1
270,Corsets,Corsets,LEMMA,1
270,plastiques,plastiques,LEMMA,1
270,Guantes,Guantes,LEMMA,1
270,abanico,abanicos,LEMMA,1
270,paráume,parfumes,LEMMA,1
270,joyas,Joyas,LEMMA,1
270,cabello,cabellos,LEMMA,1
270,et,et,LEMMA,1
270,Bonvallet,Bonvallet,NER,1
270,Faguer Labollée,Faguer Labollée,NER,1
270,Lemnnier,Lemnnier,NER,1
270,Porcelaines,Porcelaines,NER,1
271,casa,Casas,LEMMA,1
271,recomendado,recomendadas,LEMMA,1
272,cintas,Cintas,LEMMA,1
272,pasamanería,pasamanerías,LEMMA,1
272,fábrica,fábrica,LEMMA,1
272,abanico,abanicos,LEMMA,1
272,paráume,parfumes,LEMMA,1
272,joyas,Joyas,LEMMA,1
272,cabello,cabellos,LEMMA,1
272,Sorré Dehsle,Sorré Dehsle,NER,1
272,Corsets plastiques de Bonvallet,Corsets plastiques de Bonvallet,NER,1
272,Guantes,Guantes,NER,1
272,Faguer Labollée,Faguer Labollée,NER,1
272,Lemnnier,Lemnnier,NER,1
273,antephelique,antephelique,LEMMA,1
273,pecas,Pecas,LEMMA,1
273,mancha,manchas,LEMMA,1
273,cara,cara,LEMMA,1
273,Lait,Lait,NER,1
274,Camisas Claudio,Camisas Claudio,NER,1
274,Hermanos,Hermanos,NER,1
275,tintura,Tintura,LEMMA,1
275,inglés,inglesa,LEMMA,1
275,instantáneo,instantánea,LEMMA,1
276,casa,Casa,LEMMA,1
276,particular,particular,LEMMA,1
276,Huéspedes,Huéspedes,NER,1
277,Casa Delacroix,Casa Delacroix,NER,1
278,dentista,dentista,LEMMA,1
278,Jules Bloch,Jules Bloch,NER,1
279,Gaceta de Bellas Artes,Gaceta de Bellas Artes,NER,1
280,pecas,Pecas,LEMMA,1
280,mancha,manchas,LEMMA,1
280,cara,cara,LEMMA,1
281,casa,Casas,LEMMA,1
281,recomendado,recomendadas,LEMMA,1
282,Porta-monedas Despierres,Porta-monedas Despierres,NER,1
283,Tarifs des insertions,Tarifs des insertions,NER,1
284,cintas,Cintas,LEMMA,1
284,pasamanería,pasamanerías,LEMMA,1
284,fábrica,fábrica,LEMMA,1
284,abanico,abanicos,LEMMA,1
284,paráume,parfumes,LEMMA,1
284,joyas,Joyas,LEMMA,1
284,cabello,cabellos,LEMMA,1
284,Sorré Dehsle,Sorré Dehsle,NER,1
284,Corsets plastiques de Bonvallet,Corsets plastiques de Bonvallet,NER,1
284,Guantes,Guantes,NER,1
284,Faguer Labollée,Faguer Labollée,NER,1
284,Lemnnier,Lemnnier,NER,1
285,Camisas Claudio,Camisas Claudio,NER,1
285,Hermanos,Hermanos,NER,1
286,Nueva Geografía Sangansan,Nueva Geografía Sangansan,NER,1
287,casa,Casa,LEMMA,1
287,particular,particular,LEMMA,1
287,Huéspedes,Huéspedes,NER,1
288,Casa Delacroix,Casa Delacroix,NER,1
289,dentista,dentista,LEMMA,1
289,Jules Bloch,Jules Bloch,NER,1
290,Platería Cristofle,Platería Cristofle,NER,1
291,casa,Casas,LEMMA,1
291,recomendado,recomendadas,LEMMA,1
292,Tarifs des insertions,Tarifs des insertions,NER,1
293,cintas,Cintas,LEMMA,1
293,pasamanería,pasamanerías,LEMMA,1
293,fábrica,fábrica,LEMMA,1
293,abanico,abanicos,LEMMA,1
293,paráume,parfumes,LEMMA,1
293,joyas,Joyas,LEMMA,1
293,cabello,cabellos,LEMMA,1
293,Sorré Dehsle,Sorré Dehsle,NER,1
293,Corsets plastiques de Bonvallet,Corsets plastiques de Bonvallet,NER,1
293,Guantes,Guantes,NER,1
293,Faguer Labollée,Faguer Labollée,NER,1
293,Lemnnier,Lemnnier,NER,1
294,Camisas Claudio,Camisas Claudio,NER,1
294,Hermanos,Hermanos,NER,1
295,Nueva Geografía Sangansan,Nueva Geografía Sangansan,NER,1
296,casa,Casa,LEMMA,1
296,particular,particular,LEMMA,1
296,Huéspedes,Huéspedes,NER,1
297,Casa Delacroix,Casa Delacroix,NER,1
298,dentista,dentista,LEMMA,1
298,Jules Bloch,Jules Bloch,NER,1
299,Platería Cristofle,Platería Cristofle,NER,1
300,casa,Casas,LEMMA,1
300,recomendado,recomendadas,LEMMA,1
301,Tarifs des insertions,Tarifs des insertions,NER,1
302,Camisas Claudio,Camisas Claudio,NER,1
302,Hermanos,Hermanos,NER,1
303,Nueva Geografía Sangansan,Nueva Geografía Sangansan,NER,1
304,casa,Casa,LEMMA,1
304,particular,particular,LEMMA,1
304,Huéspedes,Huéspedes,NER,1
305,Casa Delacroix,Casa Delacroix,NER,1
306,dentista,dentista,LEMMA,1
306,Jules Bloch,Jules Bloch,NER,1
307,Platería Cristofle,Platería Cristofle,NER,1
308,casa,Casas,LEMMA,1
308,recomendado,recomendadas,LEMMA,1
309,Tarifs des insertions,Tarifs des insertions,NER,1
310,Camisas Claudio,Camisas Claudio,NER,1
310,Hermanos,Hermanos,NER,1
311,Nueva Geografía Sangansan,Nueva Geografía Sangansan,NER,1
312,casa,Casa,LEMMA,1
312,particular,particular,LEMMA,1
312,Huéspedes,Huéspedes,NER,1
313,Casa Delacroix,Casa Delacroix,NER,1
314,dentista,dentista,LEMMA,1
314,Jules Bloch,Jules Bloch,NER,1
315,Platería Cristofle,Platería Cristofle,NER,1
316,casa,Casas,LEMMA,1
316,recomendado,recomendadas,LEMMA,1
317,Platería Cristofle,Platería Cristofle,NER,1
318,Camisas Claudio,Camisas Claudio,NER,1
318,Hermanos,Hermanos,NER,1
319,Nueva Geografía Sangansan,Nueva Geografía Sangansan,NER,1
320,casa,Casa,LEMMA,1
320,particular,particular,LEMMA,1
320,Huéspedes,Huéspedes,NER,1
321,Casa Delacroix,Casa Delacroix,NER,1
322,dentista,dentista,LEMMA,1
322,Jules Bloch,Jules Bloch,NER,1
323,casa,Casas,LEMMA,1
323,recomendado,recomendadas,LEMMA,1
324,cintas,Cintas,LEMMA,1
324,pasamanería,pasamanerías,LEMMA,1
324,fábrica,fábrica,LEMMA,1
324,abanico,abanicos,LEMMA,1
324,paráume,parfumes,LEMMA,1
324,joyas,Joyas,LEMMA,1
324,cabello,cabellos,LEMMA,1
324,Sorré Dehsle,Sorré Dehsle,NER,1
324,Corsets plastiques de Bonvallet,Corsets plastiques de Bonvallet,NER,1
324,Guantes,Guantes,NER,1
324,Faguer Labollée,Faguer Labollée,NER,1
324,Lemnnier,Lemnnier,NER,1
325,Camisas Claudio,Camisas Claudio,NER,1
325,Hermanos,Hermanos,NER,1
326,Nueva Geografía Sangansan,Nueva Geografía Sangansan,NER,1
327,casa,Casa,LEMMA,1
327,particular,particular,LEMMA,1
327,Huéspedes,Huéspedes,NER,1
328,Casa Delacroix,Casa Delacroix,NER,1
329,dentista,dentista,LEMMA,1
329,Jules Bloch,Jules Bloch,NER,1
330,Platería Cristofle,Platería Cristofle,NER,1
331,Camisas Claudio,Camisas Claudio,NER,1
331,Hermanos,Hermanos,NER,1
332,Nueva Geografía Sangansan,Nueva Geografía Sangansan,NER,1
333,casa,Casa,LEMMA,1
333,particular,particular,LEMMA,1
333,Huéspedes,Huéspedes,NER,1
334,Casa Delacroix,Casa Delacroix,NER,1
335,dentista,dentista,LEMMA,1
335,Jules Bloch,Jules Bloch,NER,1
336,Platería Cristofle,Platería Cristofle,NER,1
337,casa,Casas,LEMMA,1
337,recomendado,recomendadas,LEMMA,1
338,cintas,Cintas,LEMMA,1
338,pasamanería,pasamanerías,LEMMA,1
338,fábrica,fábrica,LEMMA,1
338,abanico,abanicos,LEMMA,1
338,paráume,parfumes,LEMMA,1
338,joyas,Joyas,LEMMA,1
338,cabello,cabellos,LEMMA,1
338,Sorré Dehsle,Sorré Dehsle,NER,1
338,Corsets plastiques de Bonvallet,Corsets plastiques de Bonvallet,NER,1
338,Guantes,Guantes,NER,1
338,Faguer Labollée,Faguer Labollée,NER,1
338,Lemnnier,Lemnnier,NER,1
339,Camisas Claudio,Camisas Claudio,NER,1
339,Hermanos,Hermanos,NER,1
340,Nueva Geografía Sangansan,Nueva Geografía Sangansan,NER,1
341,casa,Casa,LEMMA,1
341,particular,particular,LEMMA,1
341,Huéspedes,Huéspedes,NER,1
342,Casa Delacroix,Casa Delacroix,NER,1
343,dentista,dentista,LEMMA,1
343,Jules Bloch,Jules Bloch,NER,1
344,Platería Cristofle,Platería Cristofle,NER,1
345,cintas,Cintas,LEMMA,1
345,pasamanería,pasamanerías,LEMMA,1
345,fábrica,fábrica,LEMMA,1
345,abanico,abanicos,LEMMA,1
345,paráume,parfumes,LEMMA,1
345,joyas,Joyas,LEMMA,1
345,cabello,cabellos,LEMMA,1
345,Sorré Dehsle,Sorré Dehsle,NER,1
345,Corsets plastiques de Bonvallet,Corsets plastiques de Bonvallet,NER,1
345,Guantes,Guantes,NER,1
345,Faguer Labollée,Faguer Labollée,NER,1
345,Lemnnier,Lemnnier,NER,1
346,Platería Cristofle,Platería Cristofle,NER,1
347,obras,Obras,LEMMA,1
347,señora,señora,LEMMA,1
347,doña Emilia Serrano de Wilson,doña Emilia Serrano de Wilson,NER,1
348,Platería Cristofle,Platería Cristofle,NER,1
349,obras,Obras,LEMMA,1
349,señora,señora,LEMMA,1
349,doña Emilia Serrano de Wilson,doña Emilia Serrano de Wilson,NER,1
350,Platería Cristofle,Platería Cristofle,NER,1
351,obras,Obras,LEMMA,1
351,señora,señora,LEMMA,1
351,doña Emilia Serrano de Wilson,doña Emilia Serrano de Wilson,NER,1
352,Modes de Paris,Modes de Paris,NER,1
352,Petit Courrier des Dames,Petit Courrier des Dames,NER,1
353,Eco Hispano-Americano,Eco Hispano-Americano,NER,1
354,obras,Obras,LEMMA,1
354,señora,señora,LEMMA,1
354,doña Emilia Serrano de Wilson,doña Emilia Serrano de Wilson,NER,1
355,Eco Hispano-Americano,Eco Hispano-Americano,NER,1
356,anuncio,Anuncio,LEMMA,1
357,obras,Obras,LEMMA,1
357,señora,señora,LEMMA,1
357,doña Emilia Serrano de Wilson,doña Emilia Serrano de Wilson,NER,1
360,explicación,Explicación,LEMMA,1
360,lámina,lámina,LEMMA,1
360,tapicería,tapicería,LEMMA,1
361,explicación,Explicación,LEMMA,1
361,lámina,lámina,LEMMA,1
361,tapicería,tapicería,LEMMA,1
362,explicación,Explicación,LEMMA,1
362,figurín,figurín,LEMMA,1
363,Moda de Caballeros,Moda de Caballeros,NER,1
366,explicación,Explicación,LEMMA,1
366,figurín,figurín,LEMMA,1
367,explicación,Explicación,LEMMA,1
367,figurín,figurín,LEMMA,1
369,descripción,Descripción,LEMMA,1
369,figurín,figurín,LEMMA,1
369,primero,primer,LEMMA,1
369,segundo,segundo,LEMMA,1
369,traje,traje,LEMMA,1
370,descripción,Descripción,LEMMA,1
370,figurín,figurín,LEMMA,1
370,traje,traje,LEMMA,1
370,novia,novia,LEMMA,1
370,madre,madre,LEMMA,1
372,explicación,Explicación,LEMMA,1
372,figurín,figurín,LEMMA,1
376,descripción,Descripción,LEMMA,1
376,figurín,figurín,LEMMA,1
376,baile,baile,LEMMA,1
377,figurín,Figurín,LEMMA,1
377,visita,visita,LEMMA,1
378,explicación,Explicación,LEMMA,1
378,figurín,figurín,LEMMA,1
380,explicación,Explicación,LEMMA,1
380,figurín,figurín,LEMMA,1
381,explicación,Explicación,LEMMA,1
381,figurín,figurín,LEMMA,1
382,explicación,Explicación,LEMMA,1
382,figurín,figurín,LEMMA,1
383,explicación,Explicación,LEMMA,1
383,figurín,figurín,LEMMA,1
386,explicación,Explicación,LEMMA,1
386,figurín,figurín,LEMMA,1
387,explicación,Explicación,LEMMA,1
387,figurín,figurines,LEMMA,1
387,primero,Primero,LEMMA,1
388,explicación,Explicación,LEMMA,1
388,figurín,figurines,LEMMA,1
388,Segundo,Segundo,NER,1
